Title,Company,Location,URL,Score,Description,Scraped At
Azure Cloud/DevOps Engineer,LightFeather,"Alexandria, VA",https://www.linkedin.com/jobs/view/azure-cloud-devops-engineer-at-lightfeather-4430761254,55,,2026-06-22T16:27:39.218582
Azure Cloud Engineer,LightFeather,"Alexandria, VA",https://www.linkedin.com/jobs/view/azure-cloud-engineer-at-lightfeather-4430760230,45,,2026-06-22T16:27:39.156804
Cloud Engineer - Azure,Lee Health,"Fort Myers, FL",https://www.linkedin.com/jobs/view/cloud-engineer-azure-at-lee-health-4398631212,45,,2026-06-22T16:27:39.197550
Azure DevOps Engineer,Infinite Computer Solutions,"New Jersey, United States",https://www.linkedin.com/jobs/view/azure-devops-engineer-at-infinite-computer-solutions-4422686658,45,,2026-06-22T16:27:39.203070
Azure Cloud Systems Engineer,Technoyon India Pvt. Ltd.,United States,https://www.linkedin.com/jobs/view/azure-cloud-systems-engineer-at-technoyon-india-pvt-ltd-4386538126,45,,2026-06-22T16:27:39.208114
Azure Cloud Engineer,Marchon Partners,"Boston, MA",https://www.linkedin.com/jobs/view/azure-cloud-engineer-at-marchon-partners-4420951969,45,,2026-06-22T16:27:39.234018
Sr. Azure Infrastructure Engineer,GlobalPoint,"Virginia, United States",https://www.linkedin.com/jobs/view/sr-azure-infrastructure-engineer-at-globalpoint-4422426413,45,,2026-06-22T16:27:39.239218
"Cloud / Azure / Server Engineer - Houston, TX",Zedcor Security Solutions,"Houston, TX",https://www.linkedin.com/jobs/view/cloud-azure-server-engineer-houston-tx-at-zedcor-security-solutions-4430007537,40,,2026-06-22T16:15:35.804704
Systems Engineer (Azure Cloud Engineer),Medpace,"Cincinnati, OH",https://www.linkedin.com/jobs/view/systems-engineer-azure-cloud-engineer-at-medpace-4332206847,40,,2026-06-22T16:15:35.825128
Cloud Infrastructure Engineer,BS&A Software,"Lansing, MI",https://www.linkedin.com/jobs/view/cloud-infrastructure-engineer-at-bs-a-software-4431194895,40,,2026-06-22T16:15:35.830295
Azure Infrastructure & Virtual Desktop Engineer – Enterprise Technology Infrastructure,Hines,"Houston, TX",https://www.linkedin.com/jobs/view/azure-infrastructure-virtual-desktop-engineer-%E2%80%93-enterprise-technology-infrastructure-at-hines-4430001209,40,,2026-06-22T16:15:35.835327
Cloud Infrastructure Engineer,Waste Connections,"The Woodlands, TX",https://www.linkedin.com/jobs/view/cloud-infrastructure-engineer-at-waste-connections-4382591644,40,,2026-06-22T16:15:35.840554
Azure Cloud Engineer,FRP of Florida,"Orlando, FL",https://www.linkedin.com/jobs/view/azure-cloud-engineer-at-frp-of-florida-4367912112,40,,2026-06-22T16:15:35.845825
Cloud Engineer - Azure,"Core Specialty Insurance Holdings, Inc.","Cincinnati, OH",https://www.linkedin.com/jobs/view/cloud-engineer-azure-at-core-specialty-insurance-holdings-inc-4429648957,40,,2026-06-22T16:15:35.855963
Cloud Infrastructure Engineer,Security Risk Advisors,"Philadelphia, PA",https://www.linkedin.com/jobs/view/cloud-infrastructure-engineer-at-security-risk-advisors-4420936505,40,,2026-06-22T16:15:35.870939
Azure Infrastructure Engineer,Corebridge Financial,"Houston, TX",https://www.linkedin.com/jobs/view/azure-infrastructure-engineer-at-corebridge-financial-4414720805,40,,2026-06-22T16:15:35.875870
Cloud Solutions Infrastructure Engineer,Diversified Energy Company,"Birmingham, AL",https://www.linkedin.com/jobs/view/cloud-solutions-infrastructure-engineer-at-diversified-energy-company-4426174331,40,,2026-06-22T16:15:35.885762
Cloud Platform Engineer II,UFP Industries,"Grand Rapids, MI",https://www.linkedin.com/jobs/view/cloud-platform-engineer-ii-at-ufp-industries-4414015756,40,,2026-06-22T16:15:35.890735
Infrastructure Cloud Engineer 2,Rogers Corporation,"Chandler, AZ",https://www.linkedin.com/jobs/view/infrastructure-cloud-engineer-2-at-rogers-corporation-4391473838,40,,2026-06-22T16:15:35.895763
Infrastructure Cloud Engineer,Redwood Logistics,"Chicago, IL",https://www.linkedin.com/jobs/view/infrastructure-cloud-engineer-at-redwood-logistics-4428712367,40,,2026-06-22T16:27:39.177545
Cloud Infrastructure Engineer,Snowrelic Inc,"Plano, TX",https://www.linkedin.com/jobs/view/cloud-infrastructure-engineer-at-snowrelic-inc-4346213289,40,,2026-06-22T16:27:39.182615
Junior Azure Engineer,"Infinity Technology Consulting, Inc.","Atlanta, GA",https://www.linkedin.com/jobs/view/junior-azure-engineer-at-infinity-technology-consulting-inc-4365453762,35,,2026-06-22T16:27:39.187557
Azure Engineer,TriCom Technical Services,"Leawood, KS",https://www.linkedin.com/jobs/view/azure-engineer-at-tricom-technical-services-4427675066,35,,2026-06-22T16:27:39.192573
Cloud Engineer,Populous,"Houston, TX",https://www.linkedin.com/jobs/view/cloud-engineer-at-populous-4409557412,30,,2026-06-22T16:15:35.810112
Cloud Engineer,KniTT,"Houston, TX",https://www.linkedin.com/jobs/view/cloud-engineer-at-knitt-4418851021,30,,2026-06-22T16:15:35.815065
Senior Cloud Engineer,Clayco,"St Louis, MO",https://www.linkedin.com/jobs/view/senior-cloud-engineer-at-clayco-4409705006,30,,2026-06-22T16:15:35.820068
Cloud Engineer,Robert Half,"Louisville, KY",https://www.linkedin.com/jobs/view/cloud-engineer-at-robert-half-4423393060,30,,2026-06-22T16:15:35.850940
Azure Engineer,Witherite Law Group,"Dallas, TX",https://www.linkedin.com/jobs/view/azure-engineer-at-witherite-law-group-4420929646,30,,2026-06-22T16:15:35.860976
Senior Cloud Engineer,"Flywheel Energy, LLC","Oklahoma City, OK",https://www.linkedin.com/jobs/view/senior-cloud-engineer-at-flywheel-energy-llc-4422992650,30,,2026-06-22T16:15:35.865907
Cloud Engineer,EXOS,"Indianapolis, IN",https://www.linkedin.com/jobs/view/cloud-engineer-at-exos-4415685381,30,,2026-06-22T16:15:35.880680
Devops Engineer,MedReview Inc.,"Newport Beach, CA",https://www.linkedin.com/jobs/view/devops-engineer-at-medreview-inc-4399902206,30,,2026-06-22T16:27:39.151819
Cloud Engineer,Protera,United States,https://www.linkedin.com/jobs/view/cloud-engineer-at-protera-4370580054,30,,2026-06-22T16:27:39.161933
Cloud Engineer,L'OCCITANE Group (B Corp),"New York, NY",https://www.linkedin.com/jobs/view/cloud-engineer-at-l-occitane-group-b-corp-4417144713,30,,2026-06-22T16:27:39.167530
Cloud Engineer,TechSur Solutions,"Reston, VA",https://www.linkedin.com/jobs/view/cloud-engineer-at-techsur-solutions-4423151876,30,,2026-06-22T16:27:39.172568
Cloud Operations Engineer,ATTOM,"Irvine, CA",https://www.linkedin.com/jobs/view/cloud-operations-engineer-at-attom-4430343044,30,,2026-06-22T16:27:39.223649
Cloud Engineer,Helic & Co,United States,https://www.linkedin.com/jobs/view/cloud-engineer-at-helic-co-4431723472,30,,2026-06-22T16:27:39.228945
Unknown,Unknown,Unknown,https://www.indeed.com/viewjob?jk=67b010c8c479e2fd,20,,2026-06-22T16:27:39.141673
ETL Engineer,MedReview Inc.,"New York, NY",https://www.linkedin.com/jobs/view/etl-engineer-at-medreview-inc-4401649493,20,,2026-06-22T16:27:39.213204
